name,description,target,link
Aloe Activator,"","","https://www.foreverliving.com/product/aloe-activator"
Aloe Avocado Face & Body Soap,"Moisturizing soap bar with Aloe vera and avocado oil; fresh citrus scent.","Gentle cleansing without drying skin, for face & body.","https://www.foreverliving.com/product/aloe-avocado-face-body-soap"
Aloe Bio-Cellulose Mask,"","","https://www.foreverliving.com/product/aloe-bio-cellulose-mask"
Aloe Blossom Herbal Tea,"Aloe vera flower infusion with cloves and herbs; caffeine-free and supports metabolism.","Metabolic stimulation and soothing herbal beverage.","https://www.foreverliving.com/product/aloe-blossom-herbal-tea"
Aloe Body Wash,"Gentle yet hydrating full-body wash.","Cleanse while preserving the skin’s hydration.","https://www.foreverliving.com/product/aloe-body-wash"
Aloe Cooling Lotion,"Refreshing massage lotion with Aloe, menthol and eucalyptus; cooling or warming effect.","Soothes tired muscles with cooling or warming sensation.","https://www.foreverliving.com/product/aloe-cooling-lotion"
Aloe Ever-Shield Deodorant,"Gentle Aloe vera deodorant with unisex mild scent; non-greasy and stain-free.","All-day odor protection without irritation.","https://www.foreverliving.com/product/aloe-ever-shield-deodorant"
Aloe First,"","","https://www.foreverliving.com/product/aloe-first"
Aloe Heat Lotion,"","","https://www.foreverliving.com/product/aloe-heat-lotion"
Aloe Jojoba Conditioning Rinse,"Conditioner with Aloe and jojoba; softens and adds shine.","Improves hair texture, shine and manageability.","https://www.foreverliving.com/product/aloe-jojoba-conditioning-rinse"
Aloe Jojoba Shampoo,"Sulfate-free shampoo with Aloe vera and jojoba oil.","Gentle cleansing that strengthens hair.","https://www.foreverliving.com/product/aloe-jojoba-shampoo"
Aloe Lips,"Lip balm with Aloe, jojoba oil and beeswax; smooths and protects lips.","Soothes and protects dry or chapped lips.","https://www.foreverliving.com/product/aloe-lips"
Aloe Liquid Soap,"Liquid soap with Aloe and argan oil; cleanses without drying.","Gentle hand/body washing.","https://www.foreverliving.com/product/aloe-liquid-soap"
Aloe Moisturizing Lotion,"All-purpose lotion for face & body; moisturizing and softening.","Everyday hydration and softness.","https://www.foreverliving.com/product/aloe-moisturizing-lotion"
Aloe MSM Gel,"Fragrance-free massage gel with Aloe, MSM and herbs for soothing.","Relieves muscle soreness and supports massage.","https://www.foreverliving.com/product/aloe-msm-gel"
Aloe Propolis Creme,"Creamy moisturizer with Aloe, propolis and chamomile; ideal for dry skin.","Softens, moisturizes and rejuvenates dry skin.","https://www.foreverliving.com/product/aloe-propolis-creme"
Aloe Sunscreen,"","","https://www.foreverliving.com/product/aloe-sunscreen"
Aloe Vera Gelly,"Tubed Aloe gel; soothes dry, sunburned, irritated skin and insect bites.","Multi-use soothing gel for skin irritations.","https://www.foreverliving.com/product/aloe-vera-gelly"
Awakening Eye Cream,"","","https://www.foreverliving.com/product/awakening-eye-cream"
Balancing Toner,"","","https://www.foreverliving.com/product/balancing-toner"
Deep Moisturizing Cream,"","","https://www.foreverliving.com/product/deep-moisturizing-cream"
FAB – Forever Active Boost,"Energy drink with guarana, taurine and caffeine.","Quick energy boost for active lifestyles.","https://www.foreverliving.com/product/fab-forever-active-boost"
FAB X,"Sugar-free version of the energy drink with guarana, taurine and caffeine.","Energy boost without added sugar calories.","https://www.foreverliving.com/product/fab-x-forever-active-boost"
Forever Aloe Berry Nectar,"Aloe drink with cranberry and apple flavors and vitamin C.","Supports immune health, reduces tiredness and fatigue.","https://www.foreverliving.com/product/forever-aloe-berry-nectar"
Forever Aloe Berry Nectar 330ml,"","","https://www.foreverliving.com/product/forever-aloe-berry-nectar-330ml"
Forever Aloe Mango,"Mango-flavored Aloe drink with vitamin C.","Delicious immune-supporting beverage.","https://www.foreverliving.com/product/forever-aloe-mango"
Forever Aloe Peaches,"Peach-flavored Aloe drink with vitamin C.","Supports immune system with a fruity twist.","https://www.foreverliving.com/product/forever-aloe-peaches"
Forever Aloe Peaches 330ml,"","","https://www.foreverliving.com/product/forever-aloe-peaches-330ml"
Forever Aloe Scrub,"Exfoliating cream with Aloe; gentle enough for face and body.","Removes dead skin cells without drying.","https://www.foreverliving.com/product/forever-aloe-scrub"
Forever Aloe Vera Gel,"Original Aloe Vera drink with added vitamin C.","Supports digestion, immunity, and reduces fatigue.","https://www.foreverliving.com/product/forever-aloe-vera-gel"
Forever Aloe Vera Gel 330ml,"","","https://www.foreverliving.com/product/forever-aloe-vera-gel-330ml"
Forever Alofa Fine Fragrance,"","","https://www.foreverliving.com/product/forever-alofa-fine-fragrance"
Forever ARGI+,"Dietary supplement with L-arginine and vitamins for active lifestyles.","Supports endurance, circulation, muscles, and immunity.","https://www.foreverliving.com/product/forever-argi-plus"
Forever Bee Honey,"100% pure liquid honey sourced from Northern Spain.","Natural sweetener with wellness benefits.","https://www.foreverliving.com/product/forever-bee-honey"
Forever Bee Pollen,"Dietary supplement containing bee pollen from wildflowers.","Nutrition-rich supplement from bees.","https://www.foreverliving.com/product/forever-bee-pollen"
Forever Bee Propolis,"Propolis dietary supplement derived from bee resin.","Immune-system support.","https://www.foreverliving.com/product/forever-bee-propolis"
Forever Bright Toothgel,"Fluoride-free Aloe vera-based toothpaste; gentle clean and fresh breath.","Oral hygiene with gentle care for gums and teeth.","https://www.foreverliving.com/product/forever-bright-toothgel"
Forever Collagen Complex,"","","https://www.foreverliving.com/product/forever-collagen-complex"
Forever Fast Break,"","","https://www.foreverliving.com/product/forever-fast-break"
Forever Fiber,"","","https://www.foreverliving.com/product/forever-fiber"
Forever Firming Serum,"","","https://www.foreverliving.com/product/forever-firming-serum"
Forever Garcinia Plus,"","","https://www.foreverliving.com/product/forever-garcinia-plus"
Forever Gel Freedom,"Orange-flavored joint support drink with Aloe, glucosamine, and chondroitin.","Maintains healthy joint function and mobility.","https://www.foreverliving.com/product/forever-gel-freedom"
Forever Hand Sanitizer,"","","https://www.foreverliving.com/product/forever-hand-sanitizer"
Forever Hydrating Cleanser,"","","https://www.foreverliving.com/product/forever-hydrating-cleanser"
Forever Lean,"Supplement with prickly pear, white kidney bean, and chromium to stabilize blood sugar.","Helps control sugar cravings and maintain normal blood sugar levels.","https://www.foreverliving.com/product/forever-lean"
Forever Malosi Fine Fragrance,"","","https://www.foreverliving.com/product/forever-malosi-fine-fragrance"
Forever Marine Collagen,"","","https://www.foreverliving.com/product/forever-marine-collagen"
Forever Plant Protein,"","","https://www.foreverliving.com/product/forever-plant-protein"
Forever R3 Factor,"","","https://www.foreverliving.com/product/forever-r3-factor"
Forever Restoring Crème,"","","https://www.foreverliving.com/product/forever-restoring-creme"
Forever Royal Jelly,"Royal jelly dietary supplement—the special diet of the queen bee.","Nutritional supplement for overall wellness.","https://www.foreverliving.com/product/forever-royal-jelly"
Forever Supergreens,"","","https://www.foreverliving.com/product/forever-supergreens"
Forever Therm,"","","https://www.foreverliving.com/product/forever-therm"
Forever Ultra Chocolate,"","","https://www.foreverliving.com/product/forever-ultra-chocolate"
Forever Ultra Vanilla,"","","https://www.foreverliving.com/product/forever-ultra-vanilla"
Gentleman’s Pride,"Aftershave with Aloe, rosemary, and cucumber; refreshing and soothing.","Soothes and hydrates post-shave skin.","https://www.foreverliving.com/product/gentlemans-pride"
Hydrating Serum,"","","https://www.foreverliving.com/product/hydrating-serum"
Nourishing Hair Oil,"Silicone-free hair oil with Aloe and six botanical oils; adds shine and combats frizz.","Moisturizes, adds shine, reduces frizz and split ends.","https://www.foreverliving.com/product/nourishing-hair-oil"
Organic Cotton Pads,"","","https://www.foreverliving.com/product/organic-cotton-pads"
Protecting Day Lotion SPF 20,"","","https://www.foreverliving.com/product/protecting-day-lotion-spf-20"
